url_1,url_2,similarity_score
https://nordlayer.com/learn/network-security/basics/,https://www.cisco.com/site/us/en/learn/topics/security/what-is-network-security.html,0.8628026699506641
https://nordlayer.com/learn/network-security/basics/,https://digitdefence.com/blog/fundamentals-of-network-security-in-computer-networks,0.8304727588564127
https://www.fortinet.com/resources/cyberglossary/what-is-network-security,https://www.cisco.com/site/us/en/learn/topics/security/what-is-network-security.html,0.8148290533650963
https://www.cisco.com/site/us/en/learn/topics/security/what-is-network-security.html,https://digitdefence.com/blog/fundamentals-of-network-security-in-computer-networks,0.8084672257930091
https://guardiandigital.com/resources/blog/guide-on-phishing,https://inspiredelearning.com/blog/phishing-protection-checklist/,0.8642733048278568
https://en.wikipedia.org/wiki/SD-WAN,https://www.cisco.com/site/us/en/learn/topics/networking/what-is-sd-wan.html,0.9351942051520751
https://en.wikipedia.org/wiki/SD-WAN,https://www.fortinet.com/resources/cyberglossary/sd-wan-explained,0.8444275693795016
https://www.cisco.com/site/us/en/learn/topics/networking/what-is-sd-wan.html,https://www.fortinet.com/resources/cyberglossary/sd-wan-explained,0.8776731221607588
https://sign.dropbox.com/products/dropbox-fax,https://www.fax.plus/,0.9430894262429016
https://sign.dropbox.com/products/dropbox-fax,https://comfax.com/reviews/free-fax/,0.9060995838793328
https://www.fax.plus/,https://comfax.com/reviews/free-fax/,0.9008499315032759
https://nytlicensing.com/latest/trends/content-marketing-best-practices-2022/,https://copyblogger.com/content-marketing/,0.8875003420461426
https://nytlicensing.com/latest/trends/content-marketing-best-practices-2022/,https://www.coursera.org/articles/content-strategy,0.8792956264800035
https://nytlicensing.com/latest/trends/content-marketing-best-practices-2022/,https://mailchimp.com/marketing-glossary/content-marketing/,0.8526575253709532
https://copyblogger.com/content-marketing/,https://mailchimp.com/marketing-glossary/content-marketing/,0.909670249648815
https://copyblogger.com/content-marketing/,https://en.wikipedia.org/wiki/Content_marketing,0.8090831879116985
https://www.akkio.com/beginners-guide-to-machine-learning,https://medium.com/@amitvsolutions/machine-learning-101-the-complete-beginners-guide-to-machine-learning-686a30cbcf6b,0.8321576070153526
https://realpython.com/tutorials/data-science/,https://jakevdp.github.io/PythonDataScienceHandbook/,0.8600442928967743
https://emotive.io/blog/11-essential-digital-marketing-tips,https://www.forbes.com/advisor/business/what-is-digital-marketing/,0.8608264585321479
https://emotive.io/blog/11-essential-digital-marketing-tips,https://blog.hubspot.com/marketing/what-is-digital-marketing,0.8998356587505381
https://www.forbes.com/advisor/business/what-is-digital-marketing/,https://blog.hubspot.com/marketing/what-is-digital-marketing,0.8988590186619
https://www.forbes.com/advisor/business/what-is-digital-marketing/,https://simple.wikipedia.org/wiki/Digital_marketing,0.8236909710406837
https://blog.hubspot.com/marketing/what-is-digital-marketing,https://simple.wikipedia.org/wiki/Digital_marketing,0.8153408655520739
https://en.wikipedia.org/wiki/Machine_learning,https://simple.wikipedia.org/wiki/Machine_learning,0.8562940573284762
https://en.wikipedia.org/wiki/Digital_marketing,https://simple.wikipedia.org/wiki/Digital_marketing,0.803058758765804
